Player name,Score
Josh,761
Josh,168
Josh,110
Josh,743
Josh,753
Josh,459
Josh,553
Josh,622
Josh,799
Josh,322
Josh,637
Josh,360
Josh,789
Josh,905
Josh,748
Josh,712
Josh,511
Josh,277
Josh,5
Josh,277
Josh,156
Josh,727
Josh,314
Josh,961
Josh,714
Josh,142
Josh,927
Josh,229
Josh,957
Josh,822
Josh,394
Josh,874
Josh,84
Josh,934
Josh,867
Josh,998
Josh,257
Josh,346
Josh,75
Josh,516
Josh,48
Josh,572
Josh,73
Josh,42
Josh,405
Josh,790
Josh,317
Josh,608
Josh,942
Josh,118
Josh,372
Josh,45
Josh,182
Josh,352
Josh,549
Josh,183
Josh,39
Josh,481
Josh,91
Josh,61
Josh,548
Josh,44
Josh,481
Josh,593
Josh,940
Josh,764
Josh,960
Josh,914
Josh,741
Josh,627
Josh,106
Josh,346
Josh,304
Josh,987
Josh,184
Josh,844
Josh,684
Josh,991
Josh,483
Josh,962
Josh,75
Josh,443
Josh,353
Josh,394
Josh,765
Josh,799
Josh,798
Josh,995
Josh,831
Josh,859
Josh,328
Josh,909
Josh,984
Josh,617
Josh,867
Josh,565
Josh,852
Josh,26
Josh,488
Josh,912
Luke,656
Luke,737
Luke,579
Luke,376
Luke,855
Luke,860
Luke,82
Luke,752
Luke,552
Luke,260
Luke,500
Luke,439
Luke,702
Luke,507
Luke,614
Luke,602
Luke,52
Luke,726
Luke,972
Luke,971
Luke,984
Luke,422
Luke,877
Luke,411
Luke,770
Luke,984
Luke,52
Luke,486
Luke,665
Luke,586
Luke,463
Luke,45
Luke,919
Luke,389
Luke,314
Luke,47
Luke,57
Luke,407
Luke,341
Luke,12
Luke,882
Luke,460
Luke,638
Luke,278
Luke,167
Luke,548
Luke,967
Luke,614
Luke,619
Luke,981
Luke,717
Luke,269
Luke,645
Luke,6
Luke,112
Luke,144
Luke,507
Luke,76
Luke,152
Luke,898
Luke,556
Luke,321
Luke,227
Luke,420
Luke,181
Luke,427
Luke,918
Luke,355
Luke,822
Luke,314
Luke,319
Luke,194
Luke,844
Luke,999
Luke,698
Luke,177
Luke,625
Luke,433
Luke,165
Luke,449
Luke,258
Luke,810
Luke,787
Luke,761
Luke,72
Luke,370
Luke,523
Luke,767
Luke,87
Luke,720
Luke,347
Luke,862
Luke,332
Luke,147
Luke,487
Luke,303
Luke,164
Luke,603
Luke,564
Luke,730
Kate,462
Kate,853
Kate,375
Kate,363
Kate,462
Kate,130
Kate,189
Kate,502
Kate,217
Kate,768
Kate,29
Kate,259
Kate,853
Kate,81
Kate,26
Kate,802
Kate,471
Kate,578
Kate,219
Kate,450
Kate,284
Kate,274
Kate,553
Kate,222
Kate,749
Kate,149
Kate,720
Kate,903
Kate,586
Kate,612
Kate,984
Kate,909
Kate,688
Kate,841
Kate,945
Kate,394
Kate,656
Kate,850
Kate,656
Kate,615
Kate,606
Kate,544
Kate,208
Kate,633
Kate,534
Kate,464
Kate,11
Kate,993
Kate,433
Kate,112
Kate,793
Kate,498
Kate,644
Kate,96
Kate,641
Kate,765
Kate,261
Kate,616
Kate,437
Kate,127
Kate,569
Kate,516
Kate,913
Kate,240
Kate,610
Kate,234
Kate,461
Kate,344
Kate,537
Kate,144
Kate,243
Kate,260
Kate,420
Kate,441
Kate,587
Kate,816
Kate,622
Kate,500
Kate,666
Kate,83
Kate,619
Kate,122
Kate,892
Kate,312
Kate,378
Kate,812
Kate,545
Kate,547
Kate,148
Kate,57
Kate,421
Kate,822
Kate,587
Kate,750
Kate,405
Kate,603
Kate,482
Kate,454
Kate,710
Kate,125
Mark,273
Mark,396
Mark,674
Mark,154
Mark,435
Mark,744
Mark,900
Mark,549
Mark,632
Mark,245
Mark,622
Mark,484
Mark,917
Mark,136
Mark,400
Mark,448
Mark,477
Mark,238
Mark,442
Mark,481
Mark,645
Mark,921
Mark,515
Mark,589
Mark,859
Mark,458
Mark,197
Mark,1
Mark,621
Mark,125
Mark,917
Mark,200
Mark,819
Mark,860
Mark,88
Mark,426
Mark,834
Mark,633
Mark,890
Mark,987
Mark,498
Mark,474
Mark,399
Mark,854
Mark,654
Mark,23
Mark,392
Mark,315
Mark,85
Mark,826
Mark,273
Mark,833
Mark,803
Mark,597
Mark,477
Mark,472
Mark,308
Mark,15
Mark,947
Mark,618
Mark,200
Mark,815
Mark,344
Mark,501
Mark,551
Mark,402
Mark,341
Mark,419
Mark,331
Mark,510
Mark,360
Mark,603
Mark,83
Mark,953
Mark,43
Mark,723
Mark,307
Mark,504
Mark,684
Mark,1000
Mark,460
Mark,271
Mark,93
Mark,963
Mark,701
Mark,769
Mark,604
Mark,597
Mark,739
Mark,100
Mark,430
Mark,900
Mark,971
Mark,507
Mark,126
Mark,350
Mark,158
Mark,919
Mark,898
Mark,557
Mary,92
Mary,323
Mary,730
Mary,965
Mary,888
Mary,83
Mary,773
Mary,624
Mary,230
Mary,599
Mary,691
Mary,389
Mary,287
Mary,790
Mary,257
Mary,819
Mary,936
Mary,453
Mary,306
Mary,362
Mary,995
Mary,896
Mary,284
Mary,869
Mary,561
Mary,717
Mary,145
Mary,42
Mary,930
Mary,453
Mary,983
Mary,949
Mary,345
Mary,341
Mary,444
Mary,929
Mary,634
Mary,67
Mary,327
Mary,403
Mary,864
Mary,756
Mary,67
Mary,930
Mary,249
Mary,327
Mary,254
Mary,687
Mary,523
Mary,576
Mary,15
Mary,201
Mary,162
Mary,711
Mary,91
Mary,979
Mary,794
Mary,471
Mary,987
Mary,635
Mary,872
Mary,682
Mary,139
Mary,719
Mary,663
Mary,3
Mary,144
Mary,548
Mary,305
Mary,40
Mary,227
Mary,680
Mary,891
Mary,647
Mary,822
Mary,522
Mary,596
Mary,358
Mary,14
Mary,498
Mary,733
Mary,899
Mary,636
Mary,705
Mary,765
Mary,660
Mary,654
Mary,382
Mary,829
Mary,919
Mary,396
Mary,961
Mary,775
Mary,570
Mary,544
Mary,667
Mary,982
Mary,62
Mary,918
Mary,940
